<?xml version="1.0" encoding="utf-8"?>
<xd:acceleratorMap xmlns:xd="http://www.xilinx.com/xidane" xd:functionName="CrappyButFreeChromaResampler" xd:componentRef="CrappyButFreeChromaResampler" xd:initiationInterval="x" xd:clockPeriod="6.000000" xd:sequential="true" xd:hostMachine="64" xd:reset="control">
  <xd:arg xd:name="video_in.data" xd:originalName="video_in" xd:direction="in" xd:interfaceRef="video_in" xd:busTypeRef="axis" xd:dataWidth="24"/>
  <xd:arg xd:name="video_in.keep" xd:originalName="video_in" xd:direction="in" xd:interfaceRef="video_in" xd:busTypeRef="axis" xd:dataWidth="3"/>
  <xd:arg xd:name="video_in.strb" xd:originalName="video_in" xd:direction="in" xd:interfaceRef="video_in" xd:busTypeRef="axis" xd:dataWidth="3"/>
  <xd:arg xd:name="video_in.user" xd:originalName="video_in" xd:direction="in" xd:interfaceRef="video_in" xd:busTypeRef="axis" xd:dataWidth="1"/>
  <xd:arg xd:name="video_in.last" xd:originalName="video_in" xd:direction="in" xd:interfaceRef="video_in" xd:busTypeRef="axis" xd:dataWidth="1"/>
  <xd:arg xd:name="video_out.data" xd:originalName="video_out" xd:direction="out" xd:interfaceRef="video_out" xd:busTypeRef="axis" xd:dataWidth="16"/>
  <xd:arg xd:name="video_out.keep" xd:originalName="video_out" xd:direction="out" xd:interfaceRef="video_out" xd:busTypeRef="axis" xd:dataWidth="2"/>
  <xd:arg xd:name="video_out.strb" xd:originalName="video_out" xd:direction="out" xd:interfaceRef="video_out" xd:busTypeRef="axis" xd:dataWidth="2"/>
  <xd:arg xd:name="video_out.user" xd:originalName="video_out" xd:direction="out" xd:interfaceRef="video_out" xd:busTypeRef="axis" xd:dataWidth="1"/>
  <xd:arg xd:name="video_out.last" xd:originalName="video_out" xd:direction="out" xd:interfaceRef="video_out" xd:busTypeRef="axis" xd:dataWidth="1"/>
  <xd:latencyEstimates xd:best-case="undef" xd:worst-case="undef" xd:average-case="undef"/>
  <xd:resourceEstimates xd:LUT="448" xd:FF="255" xd:BRAM="0" xd:DSP="0"/>
</xd:acceleratorMap>
