<?xml version="1.0" encoding="UTF-8"?>
<vivadoHLSLog:LogRoot xmlns:vivadoHLSLog="www.xilinx.com/vivadoHLSLog">
  <errorLogs>
    <logs>
      <synLog>
        <logs message="ERROR: [HLS 200-70] Synthesizability check failed.&#xD;&#xA;command 'ap_source' returned error code&#xD;&#xA;    while executing&#xD;&#xA;&quot;source C:/TEMP/INF3610_H18_Lab4/INF3610_H18_Lab4/3610_4/1796174_1932759/SobelLab4/solution1/csynth.tcl&quot;&#xD;&#xA;    invoked from within&#xD;&#xA;&quot;hls::main C:/TEMP/INF3610_H18_Lab4/INF3610_H18_Lab4/3610_4/1796174_1932759/SobelLab4/solution1/csynth.tcl&quot;&#xD;&#xA;    (&quot;uplevel&quot; body line 1)&#xD;&#xA;    invoked from within&#xD;&#xA;&quot;uplevel 1 hls::main {*}$args&quot;&#xD;&#xA;    (procedure &quot;hls_proc&quot; line 5)&#xD;&#xA;    invoked from within&#xD;&#xA;&quot;hls_proc $argv&quot;&#xD;&#xA;" projectName="SobelLab4" solutionName="solution1" date="2018-04-08T15:57:40.296-0400"/>
        <logs message="ERROR: [SYNCHK 200-72] SobelLab4/Sobel.cpp:141: unsupported c/c++ library function 'free'." projectName="SobelLab4" solutionName="solution1" date="2018-04-08T15:57:40.202-0400"/>
        <logs message="ERROR: [SYNCHK 200-61] SobelLab4/Sobel.cpp:111: unsupported memory access on variable which is (or contains) an array with unknown size at compile time." projectName="SobelLab4" solutionName="solution1" date="2018-04-08T15:57:40.202-0400"/>
        <logs message="ERROR: [SYNCHK 200-72] SobelLab4/Sobel.cpp:102: unsupported c/c++ library function 'malloc'." projectName="SobelLab4" solutionName="solution1" date="2018-04-08T15:57:40.186-0400"/>
        <logs message="ERROR: [SYNCHK 200-41] SobelLab4/Sobel.cpp:109: unsupported pointer reinterpretation from type 'i32*' to type '[4 x i8]*' on variable 'oneToFourPixels'." projectName="SobelLab4" solutionName="solution1" date="2018-04-08T15:57:40.171-0400"/>
      </synLog>
      <simLog/>
      <mgLog/>
      <packageLog/>
      <csimLog>
        <logs message="ERROR: [SIM 211-100] 'csim_design' failed: compilation error(s)." projectName="SobelLab4" solutionName="solution1" date="2018-04-08T17:39:17.573-0400"/>
      </csimLog>
    </logs>
  </errorLogs>
  <warningLogs>
    <logs>
      <synLog/>
      <simLog/>
      <mgLog/>
      <packageLog/>
      <csimLog/>
    </logs>
  </warningLogs>
</vivadoHLSLog:LogRoot>
