<?xml version="1.0"?>
<Runs Version="1" Minor="0">
	<Run Id="design_1_axi_iic_0_0_synth_1" LaunchDir="C:/TEMP/INF3610Lab4-master/INF3610Lab4-master/3610_4/1796174_1932759/Lab4/Lab4.runs/design_1_axi_iic_0_0_synth_1" FlowId="Vivado_Synthesis" FromStepId="vivado" ToStepId="vivado"/>
	<Run Id="design_1_rst_ps7_0_76M_1_synth_1" LaunchDir="C:/TEMP/INF3610Lab4-master/INF3610Lab4-master/3610_4/1796174_1932759/Lab4/Lab4.runs/design_1_rst_ps7_0_76M_1_synth_1" FlowId="Vivado_Synthesis" FromStepId="vivado" ToStepId="vivado"/>
	<Run Id="design_1_v_cresample_0_0_synth_1" LaunchDir="C:/TEMP/INF3610Lab4-master/INF3610Lab4-master/3610_4/1796174_1932759/Lab4/Lab4.runs/design_1_v_cresample_0_0_synth_1" FlowId="Vivado_Synthesis" FromStepId="vivado" ToStepId="vivado"/>
	<Run Id="design_1_v_axi4s_vid_out_0_0_synth_1" LaunchDir="C:/TEMP/INF3610Lab4-master/INF3610Lab4-master/3610_4/1796174_1932759/Lab4/Lab4.runs/design_1_v_axi4s_vid_out_0_0_synth_1" FlowId="Vivado_Synthesis" FromStepId="vivado" ToStepId="vivado"/>
	<Run Id="design_1_proc_sys_reset_0_synth_1" LaunchDir="C:/TEMP/INF3610Lab4-master/INF3610Lab4-master/3610_4/1796174_1932759/Lab4/Lab4.runs/design_1_proc_sys_reset_0_synth_1" FlowId="Vivado_Synthesis" FromStepId="vivado" ToStepId="vivado"/>
	<Run Id="design_1_auto_pc_1_synth_1" LaunchDir="C:/TEMP/INF3610Lab4-master/INF3610Lab4-master/3610_4/1796174_1932759/Lab4/Lab4.runs/design_1_auto_pc_1_synth_1" FlowId="Vivado_Synthesis" FromStepId="vivado" ToStepId="vivado"/>
	<Run Id="design_1_xbar_0_synth_1" LaunchDir="C:/TEMP/INF3610Lab4-master/INF3610Lab4-master/3610_4/1796174_1932759/Lab4/Lab4.runs/design_1_xbar_0_synth_1" FlowId="Vivado_Synthesis" FromStepId="vivado" ToStepId="vivado"/>
	<Run Id="design_1_auto_pc_0_synth_1" LaunchDir="C:/TEMP/INF3610Lab4-master/INF3610Lab4-master/3610_4/1796174_1932759/Lab4/Lab4.runs/design_1_auto_pc_0_synth_1" FlowId="Vivado_Synthesis" FromStepId="vivado" ToStepId="vivado"/>
	<Run Id="design_1_clk_wiz_0_0_synth_1" LaunchDir="C:/TEMP/INF3610Lab4-master/INF3610Lab4-master/3610_4/1796174_1932759/Lab4/Lab4.runs/design_1_clk_wiz_0_0_synth_1" FlowId="Vivado_Synthesis" FromStepId="vivado" ToStepId="vivado"/>
	<Run Id="design_1_processing_system7_0_0_synth_1" LaunchDir="C:/TEMP/INF3610Lab4-master/INF3610Lab4-master/3610_4/1796174_1932759/Lab4/Lab4.runs/design_1_processing_system7_0_0_synth_1" FlowId="Vivado_Synthesis" FromStepId="vivado" ToStepId="vivado"/>
	<Run Id="design_1_v_tc_0_0_synth_1" LaunchDir="C:/TEMP/INF3610Lab4-master/INF3610Lab4-master/3610_4/1796174_1932759/Lab4/Lab4.runs/design_1_v_tc_0_0_synth_1" FlowId="Vivado_Synthesis" FromStepId="vivado" ToStepId="vivado"/>
	<Run Id="design_1_vcc_0_synth_1" LaunchDir="C:/TEMP/INF3610Lab4-master/INF3610Lab4-master/3610_4/1796174_1932759/Lab4/Lab4.runs/design_1_vcc_0_synth_1" FlowId="Vivado_Synthesis" FromStepId="vivado" ToStepId="vivado"/>
	<Run Id="design_1_gnd_0_synth_1" LaunchDir="C:/TEMP/INF3610Lab4-master/INF3610Lab4-master/3610_4/1796174_1932759/Lab4/Lab4.runs/design_1_gnd_0_synth_1" FlowId="Vivado_Synthesis" FromStepId="vivado" ToStepId="vivado"/>
	<Run Id="design_1_zed_hdmi_out_0_0_synth_1" LaunchDir="C:/TEMP/INF3610Lab4-master/INF3610Lab4-master/3610_4/1796174_1932759/Lab4/Lab4.runs/design_1_zed_hdmi_out_0_0_synth_1" FlowId="Vivado_Synthesis" FromStepId="vivado" ToStepId="vivado"/>
	<Run Id="design_1_v_rgb2ycrcb_0_0_synth_1" LaunchDir="C:/TEMP/INF3610Lab4-master/INF3610Lab4-master/3610_4/1796174_1932759/Lab4/Lab4.runs/design_1_v_rgb2ycrcb_0_0_synth_1" FlowId="Vivado_Synthesis" FromStepId="vivado" ToStepId="vivado"/>
	<Run Id="design_1_axi_vdma_0_0_synth_1" LaunchDir="C:/TEMP/INF3610Lab4-master/INF3610Lab4-master/3610_4/1796174_1932759/Lab4/Lab4.runs/design_1_axi_vdma_0_0_synth_1" FlowId="Vivado_Synthesis" FromStepId="vivado" ToStepId="vivado"/>
	<Run Id="design_1_axis_subset_converter_0_0_synth_1" LaunchDir="C:/TEMP/INF3610Lab4-master/INF3610Lab4-master/3610_4/1796174_1932759/Lab4/Lab4.runs/design_1_axis_subset_converter_0_0_synth_1" FlowId="Vivado_Synthesis" FromStepId="vivado" ToStepId="vivado"/>
	<Run Id="synth_1" LaunchDir="C:/TEMP/INF3610Lab4-master/INF3610Lab4-master/3610_4/1796174_1932759/Lab4/Lab4.runs/synth_1" FlowId="Vivado_Synthesis" FromStepId="vivado" ToStepId="vivado">
		<Parent Id="design_1_axi_iic_0_0_synth_1"/>
		<Parent Id="design_1_rst_ps7_0_76M_1_synth_1"/>
		<Parent Id="design_1_v_cresample_0_0_synth_1"/>
		<Parent Id="design_1_v_axi4s_vid_out_0_0_synth_1"/>
		<Parent Id="design_1_proc_sys_reset_0_synth_1"/>
		<Parent Id="design_1_auto_pc_1_synth_1"/>
		<Parent Id="design_1_xbar_0_synth_1"/>
		<Parent Id="design_1_auto_pc_0_synth_1"/>
		<Parent Id="design_1_clk_wiz_0_0_synth_1"/>
		<Parent Id="design_1_processing_system7_0_0_synth_1"/>
		<Parent Id="design_1_v_tc_0_0_synth_1"/>
		<Parent Id="design_1_vcc_0_synth_1"/>
		<Parent Id="design_1_gnd_0_synth_1"/>
		<Parent Id="design_1_zed_hdmi_out_0_0_synth_1"/>
		<Parent Id="design_1_v_rgb2ycrcb_0_0_synth_1"/>
		<Parent Id="design_1_axi_vdma_0_0_synth_1"/>
		<Parent Id="design_1_axis_subset_converter_0_0_synth_1"/>
	</Run>
	<Run Id="impl_1" LaunchDir="C:/TEMP/INF3610Lab4-master/INF3610Lab4-master/3610_4/1796174_1932759/Lab4/Lab4.runs/impl_1" FlowId="Vivado_Implementation" FromStepId="init_design" ToStepId="write_bitstream">
		<Parent Id="synth_1"/>
		<Parent Id="design_1_axi_iic_0_0_synth_1"/>
		<Parent Id="design_1_rst_ps7_0_76M_1_synth_1"/>
		<Parent Id="design_1_v_cresample_0_0_synth_1"/>
		<Parent Id="design_1_v_axi4s_vid_out_0_0_synth_1"/>
		<Parent Id="design_1_proc_sys_reset_0_synth_1"/>
		<Parent Id="design_1_auto_pc_1_synth_1"/>
		<Parent Id="design_1_xbar_0_synth_1"/>
		<Parent Id="design_1_auto_pc_0_synth_1"/>
		<Parent Id="design_1_clk_wiz_0_0_synth_1"/>
		<Parent Id="design_1_processing_system7_0_0_synth_1"/>
		<Parent Id="design_1_v_tc_0_0_synth_1"/>
		<Parent Id="design_1_vcc_0_synth_1"/>
		<Parent Id="design_1_gnd_0_synth_1"/>
		<Parent Id="design_1_zed_hdmi_out_0_0_synth_1"/>
		<Parent Id="design_1_v_rgb2ycrcb_0_0_synth_1"/>
		<Parent Id="design_1_axi_vdma_0_0_synth_1"/>
		<Parent Id="design_1_axis_subset_converter_0_0_synth_1"/>
	</Run>
</Runs>

